노드링크 유형,노드 WKT,노드 ID,노드 유형 코드,링크 WKT,링크 ID,링크 유형 코드,시작노드 ID,종료노드 ID,링크 길이,시군구코드,시군구명,읍면동코드,읍면동명,경도,위도
NODE,POINT(126.94693487193493 37.556998175752156),56273,0.0,,0,,,,,1141000000,서대문구,1141011200,대현동,126.94693487193491,37.55699817575216
NODE,POINT(126.95021196090049 37.58295380087517),19338,0.0,,0,,,,,1141000000,서대문구,1141011100,홍제동,126.95021196090048,37.58295380087517
NODE,POINT(126.95072444069838 37.582024875459226),19349,0.0,,0,,,,,1141000000,서대문구,1141011100,홍제동,126.95072444069838,37.582024875459226
NODE,POINT(126.92559250102704 37.566230549886804),20295,0.0,,0,,,,,1141000000,서대문구,1141011700,연희동,126.92559250102704,37.5662305498868
NODE,POINT(126.94792144536275 37.58509258125773),23948,0.0,,0,,,,,1141000000,서대문구,1141011100,홍제동,126.94792144536277,37.58509258125773
NODE,POINT(126.92527059917084 37.57651581335913),19685,0.0,,0,,,,,1141000000,서대문구,1141012000,남가좌동,126.92527059917084,37.57651581335913
NODE,POINT(126.9499244685253 37.58284383015658),19692,2.0,,0,,,,,1141000000,서대문구,1141011100,홍제동,126.9499244685253,37.58284383015658
NODE,POINT(126.94887076883624 37.58461240657942),23987,0.0,,0,,,,,1141000000,서대문구,1141011100,홍제동,126.94887076883624,37.58461240657942
NODE,POINT(126.94857755210786 37.58445665968041),23989,0.0,,0,,,,,1141000000,서대문구,1141011100,홍제동,126.94857755210786,37.58445665968041
NODE,POINT(126.92551889116326 37.566528775119885),22110,0.0,,0,,,,,1141000000,서대문구,1141011700,연희동,126.92551889116326,37.566528775119885
NODE,POINT(126.95215172781005 37.557334519534514),25150,0.0,,0,,,,,1141000000,서대문구,1141011000,북아현동,126.95215172781003,37.557334519534514
NODE,POINT(126.95662349217206 37.59684072553357),25163,0.0,,0,,,,,1141000000,서대문구,1141011100,홍제동,126.95662349217206,37.59684072553357
NODE,POINT(126.9241112664176 37.57734222562369),19614,0.0,,0,,,,,1141000000,서대문구,1141012000,남가좌동,126.9241112664176,37.57734222562369
NODE,POINT(126.92405884579036 37.57724227166753),19627,0.0,,0,,,,,1141000000,서대문구,1141012000,남가좌동,126.92405884579036,37.57724227166753
NODE,POINT(126.92669849828411 37.581395725928864),40863,0.0,,0,,,,,1141000000,서대문구,1141011800,홍은동,126.92669849828413,37.581395725928864
NODE,POINT(126.92720198438042 37.58138638970794),40875,0.0,,0,,,,,1141000000,서대문구,1141011800,홍은동,126.92720198438042,37.58138638970794
NODE,POINT(126.9281317453203 37.580156877933824),40882,0.0,,0,,,,,1141000000,서대문구,1141011800,홍은동,126.9281317453203,37.580156877933824
NODE,POINT(126.92832333901191 37.58027142062044),40942,0.0,,0,,,,,1141000000,서대문구,1141011800,홍은동,126.92832333901192,37.58027142062044
NODE,POINT(126.93026618417856 37.57829396433249),40947,0.0,,0,,,,,1141000000,서대문구,1141011800,홍은동,126.93026618417856,37.57829396433249
NODE,POINT(126.93060166118704 37.57828939427074),40949,0.0,,0,,,,,1141000000,서대문구,1141011800,홍은동,126.93060166118704,37.57828939427074
NODE,POINT(126.92692614528367 37.581653213673206),40955,0.0,,0,,,,,1141000000,서대문구,1141011800,홍은동,126.92692614528367,37.581653213673206
NODE,POINT(126.93396825061947 37.58012646035528),58549,0.0,,0,,,,,1141000000,서대문구,1141011800,홍은동,126.93396825061949,37.58012646035528
NODE,POINT(126.92746989153358 37.561938007036154),55664,0.0,,0,,,,,1141000000,서대문구,1141011700,연희동,126.92746989153358,37.56193800703616
NODE,POINT(126.94648545012308 37.56639925962853),46549,0.0,,0,,,,,1141000000,서대문구,1141011300,대신동,126.94648545012308,37.56639925962853
NODE,POINT(126.94680754706911 37.56626667047624),46550,0.0,,0,,,,,1141000000,서대문구,1141011300,대신동,126.94680754706911,37.56626667047624
NODE,POINT(126.9311249896042 37.56692232589392),52126,0.0,,0,,,,,1141000000,서대문구,1141011700,연희동,126.9311249896042,37.56692232589392
NODE,POINT(126.93380708610299 37.58027741267843),58519,0.0,,0,,,,,1141000000,서대문구,1141011800,홍은동,126.933807086103,37.58027741267843
NODE,POINT(126.93502083599421 37.586589832820444),56954,0.0,,0,,,,,1141000000,서대문구,1141011800,홍은동,126.9350208359942,37.58658983282045
NODE,POINT(126.93479649176116 37.58662632545252),56956,0.0,,0,,,,,1141000000,서대문구,1141011800,홍은동,126.93479649176116,37.58662632545252
NODE,POINT(126.92734901141561 37.565038891433694),54832,0.0,,0,,,,,1141000000,서대문구,1141011700,연희동,126.9273490114156,37.565038891433694
NODE,POINT(126.93066285998388 37.56300866927883),55147,0.0,,0,,,,,1141000000,서대문구,1141011700,연희동,126.93066285998388,37.56300866927883
NODE,POINT(126.93099041187678 37.563210251884065),55148,0.0,,0,,,,,1141000000,서대문구,1141011700,연희동,126.93099041187678,37.56321025188407
NODE,POINT(126.94852735896077 37.557108730323314),56274,0.0,,0,,,,,1141000000,서대문구,1141011200,대현동,126.94852735896076,37.557108730323314
NODE,POINT(126.9469558875388 37.55687261852983),56275,2.0,,0,,,,,1141000000,서대문구,1141011200,대현동,126.9469558875388,37.55687261852983
NODE,POINT(126.93450289794296 37.55603736994543),56278,2.0,,0,,,,,1141000000,서대문구,1141011600,창천동,126.93450289794296,37.55603736994543
NODE,POINT(126.92940625500154 37.557856577115146),56279,2.0,,0,,,,,1141000000,서대문구,1141011600,창천동,126.92940625500154,37.557856577115146
NODE,POINT(126.94324021449509 37.56263226517024),56280,2.0,,0,,,,,1141000000,서대문구,1141011300,대신동,126.94324021449508,37.56263226517024
NODE,POINT(126.9434916021059 37.562849796192936),56281,0.0,,0,,,,,1141000000,서대문구,1141011300,대신동,126.9434916021059,37.562849796192936
NODE,POINT(126.94379320297419 37.56319894110657),56282,2.0,,0,,,,,1141000000,서대문구,1141011300,대신동,126.9437932029742,37.56319894110657
NODE,POINT(126.93941864683896 37.560135866889446),56287,2.0,,0,,,,,1141000000,서대문구,1141011400,신촌동,126.93941864683896,37.560135866889446
NODE,POINT(126.93826162270405 37.56004372626677),56288,2.0,,0,,,,,1141000000,서대문구,1141011400,신촌동,126.93826162270403,37.56004372626677
NODE,POINT(126.93884371385944 37.56010696383848),56289,0.0,,0,,,,,1141000000,서대문구,1141011400,신촌동,126.93884371385944,37.56010696383848
NODE,POINT(126.93884034050956 37.55994917920467),56290,0.0,,0,,,,,1141000000,서대문구,1141011400,신촌동,126.93884034050956,37.55994917920467
NODE,POINT(126.92721997674167 37.5587796795888),56008,0.0,,0,,,,,1141000000,서대문구,1141011600,창천동,126.92721997674168,37.5587796795888
NODE,POINT(126.92906044990909 37.55809881709249),56010,0.0,,0,,,,,1141000000,서대문구,1141011600,창천동,126.92906044990907,37.55809881709249
NODE,POINT(126.95537726858254 37.56263603436618),71372,0.0,,0,,,,,1141000000,서대문구,1141011000,북아현동,126.95537726858254,37.56263603436618
NODE,POINT(126.95551522465631 37.562700165295304),71373,0.0,,0,,,,,1141000000,서대문구,1141011000,북아현동,126.95551522465632,37.5627001652953
NODE,POINT(126.95559580825648 37.56255372964293),71406,0.0,,0,,,,,1141000000,서대문구,1141011000,북아현동,126.95559580825648,37.56255372964293
NODE,POINT(126.95548659294387 37.562503340832535),71583,0.0,,0,,,,,1141000000,서대문구,1141011000,북아현동,126.95548659294388,37.562503340832535
NODE,POINT(126.95588411625553 37.561162410660124),71586,0.0,,0,,,,,1141000000,서대문구,1141011000,북아현동,126.95588411625552,37.56116241066013
NODE,POINT(126.95601636345022 37.561153305874164),71620,0.0,,0,,,,,1141000000,서대문구,1141011000,북아현동,126.95601636345022,37.56115330587416
NODE,POINT(126.95507208045109 37.55752740245238),71640,0.0,,0,,,,,1141000000,서대문구,1141011000,북아현동,126.95507208045107,37.55752740245238
NODE,POINT(126.95632312244275 37.55767942771208),71644,0.0,,0,,,,,1141000000,서대문구,1141011000,북아현동,126.95632312244275,37.55767942771208
NODE,POINT(126.95613913166527 37.557697667770064),71650,0.0,,0,,,,,1141000000,서대문구,1141011000,북아현동,126.95613913166528,37.557697667770064
NODE,POINT(126.95625392923962 37.558022682032785),71652,0.0,,0,,,,,1141000000,서대문구,1141011000,북아현동,126.95625392923962,37.55802268203279
NODE,POINT(126.95640917378135 37.55800443118764),71653,0.0,,0,,,,,1141000000,서대문구,1141011000,북아현동,126.95640917378137,37.55800443118764
NODE,POINT(126.95636861571802 37.558539932870694),71654,0.0,,0,,,,,1141000000,서대문구,1141011000,북아현동,126.95636861571802,37.55853993287069
NODE,POINT(126.93187664986152 37.562366298726),61809,0.0,,0,,,,,1141000000,서대문구,1141011600,창천동,126.93187664986152,37.562366298726
NODE,POINT(126.931595109572 37.562151014032466),61813,0.0,,0,,,,,1141000000,서대문구,1141011700,연희동,126.931595109572,37.56215101403247
NODE,POINT(126.93540638323742 37.573055712476574),58696,0.0,,0,,,,,1141000000,서대문구,1141011700,연희동,126.93540638323742,37.573055712476574
NODE,POINT(126.93421765661076 37.57119219497292),58699,0.0,,0,,,,,1141000000,서대문구,1141011700,연희동,126.93421765661076,37.57119219497292
NODE,POINT(126.93172689155024 37.568957177557856),58734,0.0,,0,,,,,1141000000,서대문구,1141011700,연희동,126.93172689155024,37.568957177557856
NODE,POINT(126.9316520254975 37.5690807147685),58735,0.0,,0,,,,,1141000000,서대문구,1141011700,연희동,126.9316520254975,37.5690807147685
NODE,POINT(126.93230781085023 37.56879731508824),58768,0.0,,0,,,,,1141000000,서대문구,1141011700,연희동,126.93230781085023,37.56879731508824
NODE,POINT(126.93227944508811 37.56837163251906),58769,0.0,,0,,,,,1141000000,서대문구,1141011700,연희동,126.93227944508811,37.56837163251906
NODE,POINT(126.93252067253596 37.56868301052487),58770,0.0,,0,,,,,1141000000,서대문구,1141011700,연희동,126.93252067253596,37.56868301052487
NODE,POINT(126.93139299974989 37.56936891908332),58779,0.0,,0,,,,,1141000000,서대문구,1141011700,연희동,126.93139299974987,37.56936891908332
NODE,POINT(126.93158840854127 37.56947888183203),58780,0.0,,0,,,,,1141000000,서대문구,1141011700,연희동,126.93158840854127,37.56947888183203
NODE,POINT(126.9320607879871 37.56853628094641),58787,0.0,,0,,,,,1141000000,서대문구,1141011700,연희동,126.9320607879871,37.56853628094641
NODE,POINT(126.93223312837341 37.56871946227638),58788,0.0,,0,,,,,1141000000,서대문구,1141011700,연희동,126.9322331283734,37.56871946227638
NODE,POINT(126.9316054197436 37.55716202032661),63448,0.0,,0,,,,,1141000000,서대문구,1141011600,창천동,126.9316054197436,37.55716202032661
NODE,POINT(126.93528244847748 37.56010714572822),63451,0.0,,0,,,,,1141000000,서대문구,1141011600,창천동,126.93528244847748,37.56010714572822
NODE,POINT(126.93552971903866 37.56006151037144),63452,0.0,,0,,,,,1141000000,서대문구,1141011600,창천동,126.93552971903866,37.56006151037144
NODE,POINT(126.93434871563815 37.55617950830484),63461,0.0,,0,,,,,1141000000,서대문구,1141011600,창천동,126.93434871563817,37.55617950830484
NODE,POINT(126.90493658342385 37.575492141205224),79817,0.0,,0,,,,,1141000000,서대문구,1141011900,북가좌동,126.90493658342383,37.57549214120522
NODE,POINT(126.91317657040443 37.58263358914963),79819,0.0,,0,,,,,1141000000,서대문구,1141011900,북가좌동,126.91317657040445,37.58263358914963
NODE,POINT(126.90598045060479 37.57455182954167),79822,2.0,,0,,,,,1141000000,서대문구,1141011900,북가좌동,126.9059804506048,37.57455182954167
NODE,POINT(126.92702235258034 37.581290923647366),80844,0.0,,0,,,,,1141000000,서대문구,1141011800,홍은동,126.92702235258034,37.581290923647366
NODE,POINT(126.93739361058748 37.582869977920176),81941,0.0,,0,,,,,1141000000,서대문구,1141011100,홍제동,126.93739361058748,37.582869977920176
NODE,POINT(126.93750875924195 37.58272357346082),81942,0.0,,0,,,,,1141000000,서대문구,1141011700,연희동,126.93750875924196,37.58272357346082
NODE,POINT(126.93638775422426 37.58213711275328),81943,0.0,,0,,,,,1141000000,서대문구,1141011800,홍은동,126.93638775422426,37.58213711275328
NODE,POINT(126.936312847548 37.58230184603733),81977,0.0,,0,,,,,1141000000,서대문구,1141011800,홍은동,126.936312847548,37.58230184603733
NODE,POINT(126.93606326237492 37.58160600001768),81979,0.0,,0,,,,,1141000000,서대문구,1141011800,홍은동,126.93606326237492,37.58160600001768
NODE,POINT(126.93606428002904 37.58041596823549),81983,0.0,,0,,,,,1141000000,서대문구,1141011800,홍은동,126.93606428002904,37.58041596823549
NODE,POINT(126.93631052948562 37.581647327109586),81984,0.0,,0,,,,,1141000000,서대문구,1141011800,홍은동,126.93631052948562,37.58164732710959
NODE,POINT(126.93081151241674 37.57809403929651),80898,0.0,,0,,,,,1141000000,서대문구,1141011800,홍은동,126.93081151241674,37.57809403929651
NODE,POINT(126.93630005265283 37.580443557986385),81989,0.0,,0,,,,,1141000000,서대문구,1141011800,홍은동,126.93630005265284,37.58044355798639
NODE,POINT(126.93599064785147 37.57909316134114),81996,0.0,,0,,,,,1141000000,서대문구,1141011700,연희동,126.93599064785148,37.57909316134114
NODE,POINT(126.9516629090682 37.58045533616007),83220,0.0,,0,,,,,1141000000,서대문구,1141011100,홍제동,126.9516629090682,37.58045533616007
NODE,POINT(126.95190432685509 37.58065682488542),83231,0.0,,0,,,,,1141000000,서대문구,1141011100,홍제동,126.95190432685509,37.58065682488542
NODE,POINT(126.94152002148884 37.59164797171306),82306,0.0,,0,,,,,1141000000,서대문구,1141011800,홍은동,126.94152002148884,37.59164797171306
NODE,POINT(126.96161262250972 37.568744024166506),72128,0.0,,0,,,,,1141000000,서대문구,1141010600,천연동,126.96161262250972,37.568744024166506
NODE,POINT(126.96187721927366 37.56857475877742),72130,0.0,,0,,,,,1141000000,서대문구,1141010600,천연동,126.96187721927366,37.56857475877742
NODE,POINT(126.96172773946556 37.56852436278002),72136,0.0,,0,,,,,1141000000,서대문구,1141010600,천연동,126.96172773946556,37.56852436278002
NODE,POINT(126.96175061625993 37.56876695424262),72144,0.0,,0,,,,,1141000000,서대문구,1141010600,천연동,126.96175061625992,37.56876695424262
NODE,POINT(126.95654640720761 37.55929979122851),71979,0.0,,0,,,,,1141000000,서대문구,1141011000,북아현동,126.9565464072076,37.55929979122851
NODE,POINT(126.95669016857553 37.55925865046805),71985,0.0,,0,,,,,1141000000,서대문구,1141011000,북아현동,126.95669016857552,37.55925865046805
NODE,POINT(126.95652386928332 37.558507950684),71990,0.0,,0,,,,,1141000000,서대문구,1141011000,북아현동,126.95652386928332,37.558507950684
NODE,POINT(126.96062864222404 37.570057315453845),72158,0.0,,0,,,,,1141000000,서대문구,1141010700,옥천동,126.96062864222404,37.570057315453845
NODE,POINT(126.96052515805907 37.5700160873892),72160,0.0,,0,,,,,1141000000,서대문구,1141010700,옥천동,126.96052515805908,37.5700160873892
NODE,POINT(126.9594262451501 37.57112336237943),72172,0.0,,0,,,,,1141000000,서대문구,1141010800,영천동,126.9594262451501,37.57112336237943
NODE,POINT(126.93094942806275 37.5702360125928),79661,0.0,,0,,,,,1141000000,서대문구,1141011700,연희동,126.93094942806276,37.5702360125928
NODE,POINT(126.92222206879278 37.57841196947577),79674,0.0,,0,,,,,1141000000,서대문구,1141012000,남가좌동,126.92222206879278,37.57841196947577
NODE,POINT(126.90843602687858 37.57220933873345),79715,2.0,,0,,,,,1141000000,서대문구,1141011900,북가좌동,126.90843602687858,37.57220933873345
NODE,POINT(126.90844132910284 37.5725755071145),79718,2.0,,0,,,,,1141000000,서대문구,1141011900,북가좌동,126.90844132910284,37.5725755071145
NODE,POINT(126.96211173900763 37.55966787348646),77460,0.0,,0,,,,,1141000000,서대문구,1141010200,충정로3가,126.96211173900764,37.55966787348646
NODE,POINT(126.95747368144835 37.55738443881913),77466,2.0,,0,,,,,1141000000,서대문구,1141011000,북아현동,126.95747368144836,37.55738443881913
NODE,POINT(126.9633438491462 37.56791154987505),77473,0.0,,0,,,,,1141000000,서대문구,1141010500,냉천동,126.9633438491462,37.56791154987505
NODE,POINT(126.96395700979998 37.5671825695),77482,0.0,,0,,,,,1141000000,서대문구,1141010500,냉천동,126.96395700979998,37.5671825695
NODE,POINT(126.96410318700116 37.56725268679333),77493,0.0,,0,,,,,1141000000,서대문구,1141010500,냉천동,126.96410318700116,37.56725268679333
NODE,POINT(126.96188763091394 37.559425216933484),77374,0.0,,0,,,,,1141000000,서대문구,1141010200,충정로3가,126.96188763091394,37.55942521693349
NODE,POINT(126.91762715287057 37.57052197308729),80401,0.0,,0,,,,,1141000000,서대문구,1141012000,남가좌동,126.91762715287057,37.57052197308729
NODE,POINT(126.91836443803534 37.57004570862598),80402,0.0,,0,,,,,1141000000,서대문구,1141012000,남가좌동,126.91836443803534,37.57004570862598
NODE,POINT(126.91847816855828 37.57011730370696),80403,0.0,,0,,,,,1141000000,서대문구,1141012000,남가좌동,126.91847816855828,37.57011730370696
NODE,POINT(126.91980728790111 37.57071895252528),80404,0.0,,0,,,,,1141000000,서대문구,1141012000,남가좌동,126.91980728790112,37.57071895252528
NODE,POINT(126.93506576863129 37.58121182947596),81421,0.0,,0,,,,,1141000000,서대문구,1141011800,홍은동,126.93506576863128,37.58121182947596
NODE,POINT(126.93527296181408 37.58103801546885),81422,0.0,,0,,,,,1141000000,서대문구,1141011800,홍은동,126.93527296181408,37.58103801546885
NODE,POINT(126.96283776655868 37.568048703398354),83835,0.0,,0,,,,,1141000000,서대문구,1141010600,천연동,126.96283776655868,37.568048703398354
NODE,POINT(126.96330365413844 37.56779711093414),83839,0.0,,0,,,,,1141000000,서대문구,1141010500,냉천동,126.96330365413844,37.56779711093414
NODE,POINT(126.9627996731391 37.563709638819624),83864,0.0,,0,,,,,1141000000,서대문구,1141010100,충정로2가,126.9627996731391,37.56370963881962
NODE,POINT(126.96425279929615 37.567023879252815),77940,0.0,,0,,,,,1141000000,서대문구,1141010500,냉천동,126.96425279929616,37.567023879252815
NODE,POINT(126.96442599432173 37.565568426683555),77961,0.0,,0,,,,,1141000000,서대문구,1141010100,충정로2가,126.96442599432172,37.56556842668356
NODE,POINT(126.96453524617385 37.565563882492555),77962,0.0,,0,,,,,1141000000,서대문구,1141010100,충정로2가,126.96453524617384,37.56556388249256
NODE,POINT(126.96413208021826 37.56695518675616),77966,0.0,,0,,,,,1141000000,서대문구,1141010500,냉천동,126.96413208021826,37.56695518675616
NODE,POINT(126.96377682244018 37.5643781935874),77969,0.0,,0,,,,,1141000000,서대문구,1141010100,충정로2가,126.96377682244018,37.5643781935874
NODE,POINT(126.96404698376583 37.564552204477636),77970,0.0,,0,,,,,1141000000,서대문구,1141010100,충정로2가,126.96404698376584,37.56455220447764
NODE,POINT(126.96371929910596 37.564428523593804),77976,0.0,,0,,,,,1141000000,서대문구,1141010100,충정로2가,126.96371929910596,37.56442852359381
NODE,POINT(126.96364993687983 37.56457987738958),77977,0.0,,0,,,,,1141000000,서대문구,1141010100,충정로2가,126.96364993687985,37.56457987738958
NODE,POINT(126.9639089705858 37.564584201793565),77978,0.0,,0,,,,,1141000000,서대문구,1141010100,충정로2가,126.9639089705858,37.564584201793565
NODE,POINT(126.96598395051186 37.56620509714449),77988,0.0,,0,,,,,1141000000,서대문구,1141010100,충정로2가,126.96598395051186,37.56620509714449
NODE,POINT(126.96392630638357 37.56440570172146),77989,0.0,,0,,,,,1141000000,서대문구,1141010100,충정로2가,126.96392630638356,37.56440570172146
NODE,POINT(126.9662577678873 37.5658188795166),78000,0.0,,0,,,,,1141000000,서대문구,1141010100,충정로2가,126.9662577678873,37.5658188795166
NODE,POINT(126.96637459053282 37.56576169959952),78002,0.0,,0,,,,,1141000000,서대문구,1141010100,충정로2가,126.96637459053282,37.56576169959952
NODE,POINT(126.96663520005946 37.56562112430096),78003,0.0,,0,,,,,1141000000,서대문구,1141010100,충정로2가,126.96663520005946,37.56562112430096
NODE,POINT(126.96674903050379 37.565556791509465),78005,0.0,,0,,,,,1141000000,서대문구,1141010100,충정로2가,126.9667490305038,37.565556791509465
NODE,POINT(126.96364046222803 37.56100943391292),78275,0.0,,0,,,,,1141000000,서대문구,1141010200,충정로3가,126.96364046222804,37.56100943391292
NODE,POINT(126.96172530535365 37.56204324484208),77250,0.0,,0,,,,,1141000000,서대문구,1141010200,충정로3가,126.96172530535364,37.56204324484208
NODE,POINT(126.96188054291824 37.56205244919059),77251,0.0,,0,,,,,1141000000,서대문구,1141010200,충정로3가,126.96188054291824,37.56205244919059
NODE,POINT(126.94051104434281 37.55930195482458),82515,0.0,,0,,,,,1141000000,서대문구,1141011200,대현동,126.9405110443428,37.55930195482458
NODE,POINT(126.94262307268156 37.5567444205002),82528,0.0,,0,,,,,1141000000,서대문구,1141011200,대현동,126.94262307268156,37.5567444205002
NODE,POINT(126.94271364593301 37.55859359903171),82529,0.0,,0,,,,,1141000000,서대문구,1141011200,대현동,126.942713645933,37.55859359903171
NODE,POINT(126.94036964123774 37.556372561546546),82530,2.0,,0,,,,,1141000000,서대문구,1141011600,창천동,126.94036964123774,37.55637256154655
NODE,POINT(126.94479182790849 37.59197366253521),82578,0.0,,0,,,,,1141000000,서대문구,1141011100,홍제동,126.94479182790847,37.59197366253521
NODE,POINT(126.96261933492973 37.55941807259887),83803,0.0,,0,,,,,1141000000,서대문구,1141010200,충정로3가,126.96261933492973,37.55941807259887
NODE,POINT(126.92292895834157 37.57753956704224),80579,0.0,,0,,,,,1141000000,서대문구,1141012000,남가좌동,126.92292895834156,37.57753956704224
NODE,POINT(126.94084801226019 37.58396329555656),82456,0.0,,0,,,,,1141000000,서대문구,1141011100,홍제동,126.9408480122602,37.58396329555656
NODE,POINT(126.94080284566279 37.58385408054409),82457,0.0,,0,,,,,1141000000,서대문구,1141011700,연희동,126.9408028456628,37.58385408054409
NODE,POINT(126.95651017218287 37.56024658500813),83505,0.0,,0,,,,,1141000000,서대문구,1141011000,북아현동,126.95651017218287,37.56024658500813
NODE,POINT(126.95639640804373 37.56018749351711),83506,0.0,,0,,,,,1141000000,서대문구,1141011000,북아현동,126.95639640804372,37.56018749351711
NODE,POINT(126.94934509678657 37.59629662551179),99048,0.0,,0,,,,,1141000000,서대문구,1141011100,홍제동,126.94934509678656,37.59629662551179
NODE,POINT(126.95927660490054 37.57136131774001),99042,0.0,,0,,,,,1141000000,서대문구,1141010800,영천동,126.95927660490054,37.57136131774001
NODE,POINT(126.96029997948739 37.571741561904396),99044,0.0,,0,,,,,1141000000,서대문구,1141010800,영천동,126.9602999794874,37.5717415619044
NODE,POINT(126.94136309327179 37.59120204054222),82304,0.0,,0,,,,,1141000000,서대문구,1141011800,홍은동,126.9413630932718,37.59120204054222
NODE,POINT(126.94119512424403 37.591533384311525),82305,0.0,,0,,,,,1141000000,서대문구,1141011800,홍은동,126.94119512424405,37.591533384311525
NODE,POINT(126.94839078014975 37.594474193182066),99322,0.0,,0,,,,,1141000000,서대문구,1141011100,홍제동,126.94839078014977,37.59447419318207
NODE,POINT(126.93556320794693 37.559819278364024),83981,0.0,,0,,,,,1141000000,서대문구,1141011600,창천동,126.93556320794691,37.55981927836402
NODE,POINT(126.93248679511717 37.577434929597906),84013,0.0,,0,,,,,1141000000,서대문구,1141011700,연희동,126.93248679511716,37.57743492959791
NODE,POINT(126.95916737674979 37.57130635534629),98816,0.0,,0,,,,,1141000000,서대문구,1141010800,영천동,126.9591673767498,37.57130635534629
NODE,POINT(126.9592595056998 37.571082111455894),98817,0.0,,0,,,,,1141000000,서대문구,1141010800,영천동,126.9592595056998,37.57108211145589
NODE,POINT(126.93440752861558 37.57106872013281),84166,0.0,,0,,,,,1141000000,서대문구,1141011700,연희동,126.93440752861558,37.57106872013281
NODE,POINT(126.93089486783995 37.567050349048934),84189,0.0,,0,,,,,1141000000,서대문구,1141011700,연희동,126.93089486783995,37.56705034904893
NODE,POINT(126.93533400465014 37.560326873028835),84215,0.0,,0,,,,,1141000000,서대문구,1141011600,창천동,126.93533400465014,37.56032687302884
NODE,POINT(126.94909245868048 37.596356534800634),84039,0.0,,0,,,,,1141000000,서대문구,1141011100,홍제동,126.94909245868048,37.59635653480064
NODE,POINT(126.94654463417582 37.59598873930804),84292,0.0,,0,,,,,1141000000,서대문구,1141011800,홍은동,126.94654463417582,37.59598873930804
NODE,POINT(126.95039092907679 37.58193319482926),84301,1.0,,0,,,,,1141000000,서대문구,1141011100,홍제동,126.9503909290768,37.58193319482926
NODE,POINT(126.94502788907343 37.58788465785731),84324,0.0,,0,,,,,1141000000,서대문구,1141011100,홍제동,126.94502788907344,37.58788465785731
NODE,POINT(126.96279756769901 37.567943418402905),84377,0.0,,0,,,,,1141000000,서대문구,1141010500,냉천동,126.962797567699,37.567943418402905
NODE,POINT(126.96269614178001 37.56377826207296),84378,0.0,,0,,,,,1141000000,서대문구,1141010100,충정로2가,126.96269614178,37.56377826207296
NODE,POINT(126.96027114939747 37.57188801796695),84400,0.0,,0,,,,,1141000000,서대문구,1141010800,영천동,126.96027114939749,37.57188801796695
NODE,POINT(126.95995927548681 37.57223909476192),84433,0.0,,0,,,,,1141000000,서대문구,1141010900,현저동,126.9599592754868,37.57223909476192
NODE,POINT(126.95982983214789 37.57225458883085),84434,0.0,,0,,,,,1141000000,서대문구,1141010900,현저동,126.95982983214788,37.57225458883085
NODE,POINT(126.95217276516256 37.55721533362555),84465,2.0,,0,,,,,1141000000,서대문구,1141011000,북아현동,126.95217276516256,37.55721533362555
NODE,POINT(126.95269078962515 37.55723938121373),84466,2.0,,0,,,,,1141000000,서대문구,1141011000,북아현동,126.95269078962517,37.55723938121373
NODE,POINT(126.95177560774009 37.55730233849098),84467,0.0,,0,,,,,1141000000,서대문구,1141011000,북아현동,126.95177560774007,37.55730233849098
NODE,POINT(126.96603295004151 37.56627771295116),84482,0.0,,0,,,,,1141000000,서대문구,1141010100,충정로2가,126.96603295004152,37.56627771295116
NODE,POINT(126.96326091454215 37.56115578244748),84486,0.0,,0,,,,,1141000000,서대문구,1141010200,충정로3가,126.96326091454216,37.56115578244748
NODE,POINT(126.95638977635552 37.59688354911697),84511,0.0,,0,,,,,1141000000,서대문구,1141011100,홍제동,126.95638977635552,37.59688354911697
NODE,POINT(126.90614793233352 37.58034256838351),84513,0.0,,0,,,,,1141000000,서대문구,1141011900,북가좌동,126.90614793233352,37.58034256838351
NODE,POINT(126.92326277640394 37.58502833841818),84526,0.0,,0,,,,,1141000000,서대문구,1141011800,홍은동,126.92326277640394,37.58502833841818
NODE,POINT(126.92346436659 37.58515815702829),84527,0.0,,0,,,,,1141000000,서대문구,1141011800,홍은동,126.92346436659,37.58515815702829
NODE,POINT(126.93567511984833 37.58821504125655),84076,0.0,,0,,,,,1141000000,서대문구,1141011800,홍은동,126.93567511984833,37.58821504125655
NODE,POINT(126.9358305224463 37.5880915457109),84077,0.0,,0,,,,,1141000000,서대문구,1141011800,홍은동,126.9358305224463,37.5880915457109
NODE,POINT(126.9307539970489 37.570148934065934),79660,0.0,,0,,,,,1141000000,서대문구,1141011700,연희동,126.9307539970489,37.570148934065934
NODE,POINT(126.92147722919636 37.571921551897866),84156,0.0,,0,,,,,1141000000,서대문구,1141011700,연희동,126.92147722919636,37.571921551897866
NODE,POINT(126.93557897483682 37.572968842765704),107220,0.0,,0,,,,,1141000000,서대문구,1141011700,연희동,126.93557897483682,37.5729688427657
NODE,POINT(126.94503809978379 37.556898526425876),99348,0.0,,0,,,,,1141000000,서대문구,1141011200,대현동,126.9450380997838,37.55689852642588
NODE,POINT(126.91959143869923 37.57091428409415),104290,0.0,,0,,,,,1141000000,서대문구,1141012000,남가좌동,126.91959143869924,37.57091428409415
NODE,POINT(126.9099847799833 37.57168111981855),104291,0.0,,0,,,,,1141000000,서대문구,1141011900,북가좌동,126.9099847799833,37.57168111981855
NODE,POINT(126.91038753065081 37.57149834406152),104292,2.0,,0,,,,,1141000000,서대문구,1141012000,남가좌동,126.9103875306508,37.57149834406152
NODE,POINT(126.9098984658819 37.57154135688316),104293,0.0,,0,,,,,1141000000,서대문구,1141012000,남가좌동,126.9098984658819,37.57154135688316
NODE,POINT(126.9093232011056 37.57190946621265),104294,2.0,,0,,,,,1141000000,서대문구,1141011900,북가좌동,126.9093232011056,37.57190946621265
NODE,POINT(126.91287037031452 37.570440172387215),104295,0.0,,0,,,,,1141000000,서대문구,1141012000,남가좌동,126.91287037031452,37.570440172387215
NODE,POINT(126.9266073187928 37.581493748952695),104301,0.0,,0,,,,,1141000000,서대문구,1141011800,홍은동,126.9266073187928,37.581493748952695
NODE,POINT(126.94210947257037 37.5592157851509),102782,0.0,,0,,,,,1141000000,서대문구,1141011200,대현동,126.94210947257037,37.5592157851509
NODE,POINT(126.92901478216007 37.56406667748724),104175,0.0,,0,,,,,1141000000,서대문구,1141011700,연희동,126.92901478216008,37.56406667748724
NODE,POINT(126.9264387497964 37.575770487748024),104179,0.0,,0,,,,,1141000000,서대문구,1141012000,남가좌동,126.9264387497964,37.57577048774802
NODE,POINT(126.92607983925556 37.57595121342528),104184,0.0,,0,,,,,1141000000,서대문구,1141012000,남가좌동,126.92607983925556,37.57595121342528
NODE,POINT(126.93641095389117 37.581908272920124),102049,0.0,,0,,,,,1141000000,서대문구,1141011800,홍은동,126.93641095389115,37.58190827292013
NODE,POINT(126.93590493134043 37.58180730421729),102055,0.0,,0,,,,,1141000000,서대문구,1141011800,홍은동,126.93590493134045,37.58180730421729
NODE,POINT(126.93620921006749 37.57906581735757),102097,0.0,,0,,,,,1141000000,서대문구,1141011700,연희동,126.93620921006747,37.57906581735757
NODE,POINT(126.92597484810727 37.57588236212543),104185,0.0,,0,,,,,1141000000,서대문구,1141012000,남가좌동,126.92597484810727,37.57588236212543
NODE,POINT(126.92594419316232 37.575761024434634),104186,0.0,,0,,,,,1141000000,서대문구,1141012000,남가좌동,126.92594419316232,37.57576102443464
NODE,POINT(126.9260651583022 37.57555970999766),104187,0.0,,0,,,,,1141000000,서대문구,1141012000,남가좌동,126.9260651583022,37.57555970999766
NODE,POINT(126.92621428483827 37.57595800676178),104188,0.0,,0,,,,,1141000000,서대문구,1141012000,남가좌동,126.92621428483828,37.57595800676178
NODE,POINT(126.94031556500477 37.55929727910571),123490,0.0,,0,,,,,1141000000,서대문구,1141011600,창천동,126.94031556500477,37.55929727910571
NODE,POINT(126.94047306553277 37.559835893656036),123492,0.0,,0,,,,,1141000000,서대문구,1141011400,신촌동,126.94047306553276,37.55983589365604
NODE,POINT(126.93612305180913 37.58230632053204),102052,0.0,,0,,,,,1141000000,서대문구,1141011800,홍은동,126.93612305180912,37.58230632053204
NODE,POINT(126.942743006063 37.5577926268431),111839,0.0,,0,,,,,1141000000,서대문구,1141011200,대현동,126.942743006063,37.5577926268431
NODE,POINT(126.94273795367734 37.55688178826265),111843,0.0,,0,,,,,1141000000,서대문구,1141011200,대현동,126.94273795367734,37.55688178826265
NODE,POINT(126.9429557158235 37.557815615131354),111851,0.0,,0,,,,,1141000000,서대문구,1141011200,대현동,126.9429557158235,37.55781561513136
NODE,POINT(126.94290337414198 37.558598267999166),111862,0.0,,0,,,,,1141000000,서대문구,1141011200,대현동,126.94290337414198,37.558598267999166
NODE,POINT(126.94212683433312 37.559069327596234),111865,0.0,,0,,,,,1141000000,서대문구,1141011200,대현동,126.94212683433312,37.55906932759624
NODE,POINT(126.94301966309219 37.55689107868268),111868,0.0,,0,,,,,1141000000,서대문구,1141011200,대현동,126.9430196630922,37.55689107868268
NODE,POINT(126.92744685359864 37.564942833348404),121257,0.0,,0,,,,,1141000000,서대문구,1141011700,연희동,126.92744685359864,37.5649428333484
NODE,POINT(126.93837810800002 37.55572201887164),140095,0.0,,0,,,,,1141000000,서대문구,1141011600,창천동,126.93837810800002,37.55572201887164
NODE,POINT(126.910375160053 37.58436965025995),140111,0.0,,0,,,,,1141000000,서대문구,1141011900,북가좌동,126.910375160053,37.58436965025995
NODE,POINT(126.95893921436748 37.55745151317833),141197,0.0,,0,,,,,1141000000,서대문구,1141011000,북아현동,126.95893921436748,37.55745151317833
NODE,POINT(126.92691503194082 37.5590083444408),141198,0.0,,0,,,,,1141000000,서대문구,1141011600,창천동,126.92691503194082,37.5590083444408
NODE,POINT(126.93865406589981 37.55570604172363),141202,2.0,,0,,,,,1141000000,서대문구,1141011600,창천동,126.9386540658998,37.55570604172363
NODE,POINT(126.93429593382648 37.55609350356452),141220,2.0,,0,,,,,1141000000,서대문구,1141011600,창천동,126.93429593382648,37.55609350356452
NODE,POINT(126.93615389411374 37.55553903596073),141226,0.0,,0,,,,,1141000000,서대문구,1141011600,창천동,126.93615389411374,37.55553903596073
NODE,POINT(126.92534526388678 37.5766119786639),127292,0.0,,0,,,,,1141000000,서대문구,1141012000,남가좌동,126.92534526388678,37.5766119786639
NODE,POINT(126.9229003407033 37.577406813909334),127293,0.0,,0,,,,,1141000000,서대문구,1141012000,남가좌동,126.9229003407033,37.57740681390933
NODE,POINT(126.91516701356018 37.5689921618189),127686,0.0,,0,,,,,1141000000,서대문구,1141012000,남가좌동,126.91516701356018,37.5689921618189
NODE,POINT(126.94325191165022 37.58420705909518),148415,0.0,,0,,,,,1141000000,서대문구,1141011100,홍제동,126.94325191165022,37.58420705909518
NODE,POINT(126.94319430707536 37.58432603455946),148417,0.0,,0,,,,,1141000000,서대문구,1141011100,홍제동,126.94319430707536,37.58432603455946
NODE,POINT(126.94387287889192 37.58445451642145),148418,0.0,,0,,,,,1141000000,서대문구,1141011100,홍제동,126.94387287889192,37.58445451642145
NODE,POINT(126.912450177377 37.58108920131634),149637,0.0,,0,,,,,1141000000,서대문구,1141011900,북가좌동,126.912450177377,37.58108920131634
NODE,POINT(126.91208954776046 37.58062067801477),149642,0.0,,0,,,,,1141000000,서대문구,1141011900,북가좌동,126.91208954776046,37.58062067801477
NODE,POINT(126.90859679981659 37.57855491987265),149993,0.0,,0,,,,,1141000000,서대문구,1141011900,북가좌동,126.9085967998166,37.57855491987265
NODE,POINT(126.9105277696023 37.58450564702849),150026,0.0,,0,,,,,1141000000,서대문구,1141011900,북가좌동,126.9105277696023,37.58450564702849
NODE,POINT(126.90665538124301 37.579832989691155),150032,0.0,,0,,,,,1141000000,서대문구,1141011900,북가좌동,126.906655381243,37.57983298969116
NODE,POINT(126.90677406192897 37.57993761584951),150033,0.0,,0,,,,,1141000000,서대문구,1141011900,북가좌동,126.90677406192896,37.57993761584951
NODE,POINT(126.90720245308218 37.57555421464409),150097,0.0,,0,,,,,1141000000,서대문구,1141011900,북가좌동,126.90720245308218,37.57555421464409
NODE,POINT(126.90737735403144 37.57543381093122),150101,0.0,,0,,,,,1141000000,서대문구,1141011900,북가좌동,126.90737735403144,37.57543381093122
NODE,POINT(126.90466886163566 37.57531111370784),150114,0.0,,0,,,,,1141000000,서대문구,1141011900,북가좌동,126.90466886163566,37.57531111370784
NODE,POINT(126.91342393991907 37.575276133391554),150193,0.0,,0,,,,,1141000000,서대문구,1141011900,북가좌동,126.91342393991908,37.575276133391554
NODE,POINT(126.91391317342129 37.57533676171068),150194,0.0,,0,,,,,1141000000,서대문구,1141011900,북가좌동,126.91391317342128,37.57533676171068
NODE,POINT(126.91390744979333 37.575248669824745),150195,0.0,,0,,,,,1141000000,서대문구,1141011900,북가좌동,126.91390744979331,37.575248669824745
NODE,POINT(126.91473467838642 37.575184363473355),150196,0.0,,0,,,,,1141000000,서대문구,1141012000,남가좌동,126.91473467838642,37.57518436347336
NODE,POINT(126.91638307822767 37.57525972168998),150199,0.0,,0,,,,,1141000000,서대문구,1141012000,남가좌동,126.91638307822768,37.57525972168998
NODE,POINT(126.91634823693492 37.575162336900746),150201,0.0,,0,,,,,1141000000,서대문구,1141012000,남가좌동,126.91634823693492,37.575162336900746
NODE,POINT(126.91740856063251 37.575010089034805),150203,0.0,,0,,,,,1141000000,서대문구,1141012000,남가좌동,126.91740856063252,37.575010089034805
NODE,POINT(126.91047771037798 37.57424006428964),150225,0.0,,0,,,,,1141000000,서대문구,1141011900,북가좌동,126.91047771037798,37.57424006428964
NODE,POINT(126.90567880733936 37.574376690928176),150235,2.0,,0,,,,,1141000000,서대문구,1141011900,북가좌동,126.90567880733936,37.574376690928176
NODE,POINT(126.90627700153186 37.57427647221873),150237,2.0,,0,,,,,1141000000,서대문구,1141011900,북가좌동,126.90627700153186,37.57427647221873
NODE,POINT(126.91006124089908 37.571805744294636),150243,0.0,,0,,,,,1141000000,서대문구,1141011900,북가좌동,126.91006124089908,37.57180574429464
NODE,POINT(126.91039624435777 37.57417045954191),150247,0.0,,0,,,,,1141000000,서대문구,1141011900,북가좌동,126.91039624435776,37.57417045954191
NODE,POINT(126.91480966002491 37.572462837759915),150260,0.0,,0,,,,,1141000000,서대문구,1141012000,남가좌동,126.91480966002491,37.57246283775992
NODE,POINT(126.91471392696288 37.572367413355934),150263,0.0,,0,,,,,1141000000,서대문구,1141012000,남가좌동,126.91471392696288,37.572367413355934
NODE,POINT(126.9136144074965 37.57006378339265),150324,0.0,,0,,,,,1141000000,서대문구,1141012000,남가좌동,126.9136144074965,37.57006378339265
NODE,POINT(126.9134349802709 37.56983003142693),150325,0.0,,0,,,,,1141000000,서대문구,1141012000,남가좌동,126.9134349802709,37.56983003142693
NODE,POINT(126.916826696146 37.568545172643944),150327,0.0,,0,,,,,1141000000,서대문구,1141012000,남가좌동,126.916826696146,37.56854517264394
NODE,POINT(126.9154123541531 37.569206887365304),150333,0.0,,0,,,,,1141000000,서대문구,1141012000,남가좌동,126.9154123541531,37.5692068873653
NODE,POINT(126.91650902392628 37.568735659101876),150335,0.0,,0,,,,,1141000000,서대문구,1141012000,남가좌동,126.91650902392628,37.56873565910188
NODE,POINT(126.91269009276351 37.57019432063855),150341,0.0,,0,,,,,1141000000,서대문구,1141012000,남가좌동,126.91269009276353,37.57019432063855
NODE,POINT(126.9177169497823 37.57056971336543),150345,0.0,,0,,,,,1141000000,서대문구,1141012000,남가좌동,126.9177169497823,37.57056971336543
NODE,POINT(126.9086374522132 37.57865694757936),150360,0.0,,0,,,,,1141000000,서대문구,1141011900,북가좌동,126.9086374522132,37.57865694757936
NODE,POINT(126.90816535262803 37.57886057372247),150361,0.0,,0,,,,,1141000000,서대문구,1141011900,북가좌동,126.90816535262805,37.57886057372247
NODE,POINT(126.90818265777362 37.57899967295319),150362,0.0,,0,,,,,1141000000,서대문구,1141011900,북가좌동,126.90818265777362,37.57899967295319
NODE,POINT(126.90600245983832 37.580212639282934),149534,0.0,,0,,,,,1141000000,서대문구,1141011900,북가좌동,126.90600245983832,37.58021263928293
NODE,POINT(126.91533987106592 37.58086877197107),149862,0.0,,0,,,,,1141000000,서대문구,1141011900,북가좌동,126.91533987106592,37.58086877197107
NODE,POINT(126.91415802937163 37.58394410233871),149694,0.0,,0,,,,,1141000000,서대문구,1141011900,북가좌동,126.91415802937163,37.58394410233871
NODE,POINT(126.91343333195887 37.58225824635725),149722,0.0,,0,,,,,1141000000,서대문구,1141011900,북가좌동,126.91343333195888,37.58225824635725
NODE,POINT(126.91745646181533 37.57910851810793),149877,0.0,,0,,,,,1141000000,서대문구,1141012000,남가좌동,126.91745646181532,37.57910851810793
NODE,POINT(126.91754955467907 37.579210579399344),149878,0.0,,0,,,,,1141000000,서대문구,1141012000,남가좌동,126.91754955467908,37.579210579399344
NODE,POINT(126.91349141071042 37.582411283198425),149723,0.0,,0,,,,,1141000000,서대문구,1141011900,북가좌동,126.91349141071042,37.582411283198425
NODE,POINT(126.91331633660411 37.58267541757414),149724,0.0,,0,,,,,1141000000,서대문구,1141011900,북가좌동,126.91331633660413,37.58267541757414
NODE,POINT(126.91314191300596 37.582378573221774),149725,0.0,,0,,,,,1141000000,서대문구,1141011900,북가좌동,126.91314191300596,37.582378573221774
NODE,POINT(126.91331102707055 37.582230339462875),149726,0.0,,0,,,,,1141000000,서대문구,1141011900,북가좌동,126.91331102707056,37.58223033946288
NODE,POINT(126.91356114626372 37.58255969235398),149728,0.0,,0,,,,,1141000000,서대문구,1141011900,북가좌동,126.91356114626372,37.58255969235398
NODE,POINT(126.91438820556664 37.583838997476356),149736,0.0,,0,,,,,1141000000,서대문구,1141011900,북가좌동,126.91438820556664,37.58383899747636
NODE,POINT(126.94446244471182 37.58831555847041),148404,0.0,,0,,,,,1141000000,서대문구,1141011100,홍제동,126.94446244471182,37.58831555847041
NODE,POINT(126.91186222949295 37.5807271409023),149603,0.0,,0,,,,,1141000000,서대문구,1141011900,북가좌동,126.91186222949295,37.5807271409023
NODE,POINT(126.91064078373358 37.57913600887508),149607,0.0,,0,,,,,1141000000,서대문구,1141011900,북가좌동,126.91064078373358,37.57913600887508
NODE,POINT(126.9108564427137 37.57903417569763),149608,0.0,,0,,,,,1141000000,서대문구,1141011900,북가좌동,126.9108564427137,37.57903417569763
NODE,POINT(126.91474039769835 37.57527709151293),148704,0.0,,0,,,,,1141000000,서대문구,1141011900,북가좌동,126.91474039769837,37.57527709151293
NODE,POINT(126.91451186974334 37.581554331464034),149902,0.0,,0,,,,,1141000000,서대문구,1141011900,북가좌동,126.91451186974334,37.581554331464034
NODE,POINT(126.91438965054078 37.581452246698305),149907,0.0,,0,,,,,1141000000,서대문구,1141011900,북가좌동,126.91438965054078,37.58145224669831
NODE,POINT(126.91521184216052 37.58075277530464),149930,0.0,,0,,,,,1141000000,서대문구,1141011900,북가좌동,126.91521184216052,37.58075277530464
NODE,POINT(126.91744921802223 37.57511674997272),148725,0.0,,0,,,,,1141000000,서대문구,1141012000,남가좌동,126.91744921802224,37.57511674997272
NODE,POINT(126.92544366042837 37.58293288218809),158629,0.0,,0,,,,,1141000000,서대문구,1141011800,홍은동,126.92544366042836,37.58293288218809
NODE,POINT(126.92559935403195 37.58300449676051),158631,0.0,,0,,,,,1141000000,서대문구,1141011800,홍은동,126.92559935403196,37.58300449676051
NODE,POINT(126.92461580320415 37.58402894015959),158649,0.0,,0,,,,,1141000000,서대문구,1141011800,홍은동,126.92461580320416,37.58402894015959
NODE,POINT(126.92437024771404 37.58395249900612),158653,0.0,,0,,,,,1141000000,서대문구,1141011800,홍은동,126.92437024771404,37.58395249900612
NODE,POINT(126.9241423319984 37.58420504377193),158654,0.0,,0,,,,,1141000000,서대문구,1141011800,홍은동,126.9241423319984,37.58420504377193
NODE,POINT(126.92428599659131 37.58432432987862),158658,0.0,,0,,,,,1141000000,서대문구,1141011800,홍은동,126.92428599659132,37.58432432987862
NODE,POINT(126.92518250136962 37.580491625419945),158674,0.0,,0,,,,,1141000000,서대문구,1141011800,홍은동,126.92518250136962,37.580491625419945
NODE,POINT(126.92418876565995 37.57977105992468),158677,0.0,,0,,,,,1141000000,서대문구,1141012000,남가좌동,126.92418876565996,37.57977105992468
NODE,POINT(126.92527404189735 37.58040763879631),158695,0.0,,0,,,,,1141000000,서대문구,1141011800,홍은동,126.92527404189735,37.58040763879631
NODE,POINT(126.92383556694783 37.57952290912268),158697,0.0,,0,,,,,1141000000,서대문구,1141012000,남가좌동,126.92383556694784,37.57952290912268
NODE,POINT(126.91815125302057 37.567804710508796),156079,0.0,,0,,,,,1141000000,서대문구,1141011700,연희동,126.91815125302055,37.5678047105088
NODE,POINT(126.91800173425764 37.567599592729735),156091,0.0,,0,,,,,1141000000,서대문구,1141011700,연희동,126.91800173425764,37.567599592729735
NODE,POINT(126.9402131751104 37.59500212952972),145833,0.0,,0,,,,,1141000000,서대문구,1141011800,홍은동,126.9402131751104,37.59500212952972
NODE,POINT(126.9404858148734 37.595179451445794),145835,0.0,,0,,,,,1141000000,서대문구,1141011800,홍은동,126.9404858148734,37.595179451445794
NODE,POINT(126.90363020097021 37.576710401102225),144857,0.0,,0,,,,,1141000000,서대문구,1141011900,북가좌동,126.9036302009702,37.57671040110223
NODE,POINT(126.90320509745872 37.57660805703657),144858,0.0,,0,,,,,1141000000,서대문구,1141011900,북가좌동,126.90320509745872,37.57660805703657
NODE,POINT(126.94911168045192 37.59656298701492),165449,0.0,,0,,,,,1141000000,서대문구,1141011100,홍제동,126.94911168045192,37.59656298701492
NODE,POINT(126.9476088891273 37.596944404815964),168061,0.0,,0,,,,,1141000000,서대문구,1141011100,홍제동,126.9476088891273,37.59694440481597
NODE,POINT(126.94766692056209 37.597024543121556),168070,0.0,,0,,,,,1141000000,서대문구,1141011100,홍제동,126.94766692056209,37.59702454312156
NODE,POINT(126.94643130589493 37.597421470317656),168085,0.0,,0,,,,,1141000000,서대문구,1141011800,홍은동,126.94643130589492,37.597421470317656
NODE,POINT(126.94765002735457 37.59902734928511),168092,0.0,,0,,,,,1141000000,서대문구,1141011800,홍은동,126.94765002735456,37.59902734928511
NODE,POINT(126.94643496637455 37.59771727217102),168108,0.0,,0,,,,,1141000000,서대문구,1141011800,홍은동,126.94643496637455,37.59771727217102
NODE,POINT(126.94662591827965 37.596041157391596),168132,0.0,,0,,,,,1141000000,서대문구,1141011800,홍은동,126.94662591827964,37.5960411573916
NODE,POINT(126.94754542576341 37.59908584661642),168145,0.0,,0,,,,,1141000000,서대문구,1141011800,홍은동,126.9475454257634,37.59908584661642
NODE,POINT(126.94633830327675 37.59750770312768),168177,0.0,,0,,,,,1141000000,서대문구,1141011800,홍은동,126.94633830327676,37.59750770312768
NODE,POINT(126.94904978585035 37.59646744148244),168179,0.0,,0,,,,,1141000000,서대문구,1141011100,홍제동,126.94904978585036,37.59646744148244
NODE,POINT(126.94662231762115 37.59462640064099),168194,0.0,,0,,,,,1141000000,서대문구,1141011800,홍은동,126.94662231762116,37.59462640064099
NODE,POINT(126.94662828323597 37.594431683734456),168195,0.0,,0,,,,,1141000000,서대문구,1141011800,홍은동,126.94662828323597,37.594431683734456
NODE,POINT(126.94668649893534 37.594501252760985),168196,0.0,,0,,,,,1141000000,서대문구,1141011800,홍은동,126.94668649893534,37.594501252760985
NODE,POINT(126.94677381443222 37.59461719669433),168197,0.0,,0,,,,,1141000000,서대문구,1141011800,홍은동,126.94677381443222,37.59461719669433
NODE,POINT(126.94331402271071 37.56296956133438),162253,0.0,,0,,,,,1141000000,서대문구,1141011300,대신동,126.94331402271072,37.56296956133438
NODE,POINT(126.94360170157134 37.562717960711915),162272,0.0,,0,,,,,1141000000,서대문구,1141011300,대신동,126.94360170157134,37.56271796071192
NODE,POINT(126.9485270881358 37.59959723062768),167482,0.0,,0,,,,,1141000000,서대문구,1141011800,홍은동,126.9485270881358,37.59959723062768
NODE,POINT(126.94863200482571 37.59955091456604),167483,0.0,,0,,,,,1141000000,서대문구,1141011800,홍은동,126.94863200482573,37.59955091456604
NODE,POINT(126.92121947036203 37.57209778746247),153987,0.0,,0,,,,,1141000000,서대문구,1141011700,연희동,126.92121947036205,37.57209778746247
NODE,POINT(126.92156064514577 37.57234593839607),153988,0.0,,0,,,,,1141000000,서대문구,1141011700,연희동,126.92156064514576,37.57234593839607
NODE,POINT(126.92179442373143 37.57218875726869),153990,0.0,,0,,,,,1141000000,서대문구,1141011700,연희동,126.92179442373144,37.57218875726869
NODE,POINT(126.94376930832514 37.58451396871324),155786,0.0,,0,,,,,1141000000,서대문구,1141011100,홍제동,126.94376930832514,37.58451396871324
NODE,POINT(126.91306018225721 37.58252687112522),151558,0.0,,0,,,,,1141000000,서대문구,1141011900,북가좌동,126.9130601822572,37.58252687112522
NODE,POINT(126.91115340974223 37.584041485169365),151596,0.0,,0,,,,,1141000000,서대문구,1141011900,북가좌동,126.91115340974224,37.584041485169365
NODE,POINT(126.91103701126501 37.58394403754517),151597,0.0,,0,,,,,1141000000,서대문구,1141011900,북가좌동,126.911037011265,37.58394403754517
NODE,POINT(126.91218793789538 37.581167821773),151604,0.0,,0,,,,,1141000000,서대문구,1141011900,북가좌동,126.91218793789538,37.581167821773
NODE,POINT(126.92390157117528 37.579418060999835),161013,0.0,,0,,,,,1141000000,서대문구,1141012000,남가좌동,126.92390157117528,37.57941806099984
NODE,POINT(126.92233130496336 37.57835652679779),161024,0.0,,0,,,,,1141000000,서대문구,1141012000,남가좌동,126.92233130496336,37.57835652679779
NODE,POINT(126.92429668513975 37.57968530953048),161054,0.0,,0,,,,,1141000000,서대문구,1141012000,남가좌동,126.92429668513977,37.57968530953048
NODE,POINT(126.92713857935668 37.57446749704267),184550,0.0,,0,,,,,1141000000,서대문구,1141011700,연희동,126.92713857935668,37.57446749704267
NODE,POINT(126.91113890137726 37.57664211293062),183796,0.0,,0,,,,,1141000000,서대문구,1141011900,북가좌동,126.91113890137726,37.57664211293062
NODE,POINT(126.9110807877972 37.576526164315204),183797,0.0,,0,,,,,1141000000,서대문구,1141011900,북가좌동,126.9110807877972,37.5765261643152
NODE,POINT(126.91085413826372 37.57608091870785),183799,0.0,,0,,,,,1141000000,서대문구,1141011900,북가좌동,126.91085413826372,37.57608091870785
NODE,POINT(126.91095901760406 37.57605781688786),183800,0.0,,0,,,,,1141000000,서대문구,1141011900,북가좌동,126.91095901760406,37.57605781688786
NODE,POINT(126.91065068088403 37.57572841408797),183801,0.0,,0,,,,,1141000000,서대문구,1141011900,북가좌동,126.91065068088405,37.57572841408797
NODE,POINT(126.91069173874742 37.575491999210826),183803,0.0,,0,,,,,1141000000,서대문구,1141011900,북가좌동,126.91069173874742,37.575491999210826
NODE,POINT(126.91073240341592 37.57558475386902),183804,0.0,,0,,,,,1141000000,서대문구,1141011900,북가좌동,126.91073240341592,37.57558475386902
NODE,POINT(126.91080800198696 37.57569144349583),183808,0.0,,0,,,,,1141000000,서대문구,1141011900,북가좌동,126.91080800198696,37.57569144349583
NODE,POINT(126.91120322015557 37.57643816877964),183809,0.0,,0,,,,,1141000000,서대문구,1141011900,북가좌동,126.91120322015556,37.57643816877964
NODE,POINT(126.9113954327831 37.57645222178823),183810,0.0,,0,,,,,1141000000,서대문구,1141011900,북가좌동,126.9113954327831,37.57645222178823
NODE,POINT(126.91241575832281 37.57566019390783),183812,0.0,,0,,,,,1141000000,서대문구,1141011900,북가좌동,126.9124157583228,37.57566019390783
NODE,POINT(126.91149437760924 37.57652183892698),183813,0.0,,0,,,,,1141000000,서대문구,1141011900,북가좌동,126.91149437760924,37.57652183892698
NODE,POINT(126.91249720614584 37.57574834201254),183815,0.0,,0,,,,,1141000000,서대문구,1141011900,북가좌동,126.91249720614584,37.57574834201254
NODE,POINT(126.93551623922131 37.575428530196426),183929,0.0,,0,,,,,1141000000,서대문구,1141011700,연희동,126.93551623922131,37.575428530196426
NODE,POINT(126.9354937428726 37.57570020112982),183930,0.0,,0,,,,,1141000000,서대문구,1141011700,연희동,126.9354937428726,37.57570020112982
NODE,POINT(126.93542611513196 37.576674679965016),183932,0.0,,0,,,,,1141000000,서대문구,1141011700,연희동,126.93542611513196,37.576674679965016
NODE,POINT(126.9356391544727 37.576543553426674),183961,0.0,,0,,,,,1141000000,서대문구,1141011700,연희동,126.9356391544727,37.576543553426674
NODE,POINT(126.9099490374005 37.5779161645313),183978,0.0,,0,,,,,1141000000,서대문구,1141011900,북가좌동,126.9099490374005,37.5779161645313
NODE,POINT(126.91342380573376 37.57539203817607),183989,0.0,,0,,,,,1141000000,서대문구,1141011900,북가좌동,126.91342380573376,37.57539203817607
NODE,POINT(126.93884007113839 37.56027872765439),184912,0.0,,0,,,,,1141000000,서대문구,1141011400,신촌동,126.9388400711384,37.56027872765439
NODE,POINT(126.93141813234537 37.577539091294184),184000,0.0,,0,,,,,1141000000,서대문구,1141011700,연희동,126.93141813234536,37.57753909129418
NODE,POINT(126.90864271456438 37.572479545012094),184012,0.0,,0,,,,,1141000000,서대문구,1141011900,북가좌동,126.90864271456438,37.572479545012094
NODE,POINT(126.90916834602945 37.57320982848894),184014,0.0,,0,,,,,1141000000,서대문구,1141011900,북가좌동,126.90916834602945,37.57320982848894
NODE,POINT(126.91043714669539 37.57406385806833),184015,0.0,,0,,,,,1141000000,서대문구,1141011900,북가좌동,126.9104371466954,37.57406385806833
NODE,POINT(126.91060024499882 37.5740639816936),184016,0.0,,0,,,,,1141000000,서대문구,1141011900,북가좌동,126.91060024499882,37.5740639816936
NODE,POINT(126.91060579838593 37.5742911595097),184017,0.0,,0,,,,,1141000000,서대문구,1141011900,북가좌동,126.91060579838592,37.5742911595097
NODE,POINT(126.91073999927697 37.574101177015024),184018,0.0,,0,,,,,1141000000,서대문구,1141011900,북가좌동,126.91073999927696,37.574101177015024
NODE,POINT(126.91141640101216 37.573503617165336),184019,0.0,,0,,,,,1141000000,서대문구,1141011900,북가좌동,126.91141640101216,37.573503617165336
NODE,POINT(126.91135826195524 37.57341084959054),184021,0.0,,0,,,,,1141000000,서대문구,1141011900,북가좌동,126.91135826195524,37.57341084959054
NODE,POINT(126.9090750691546 37.573274663439186),184022,0.0,,0,,,,,1141000000,서대문구,1141011900,북가좌동,126.9090750691546,37.57327466343919
NODE,POINT(126.9103488166544 37.57486121671737),184026,0.0,,0,,,,,1141000000,서대문구,1141011900,북가좌동,126.9103488166544,37.57486121671737
NODE,POINT(126.91051191114856 37.57486597665829),184027,0.0,,0,,,,,1141000000,서대문구,1141011900,북가좌동,126.91051191114856,37.57486597665829
NODE,POINT(126.90857364691671 37.57252983912924),184029,0.0,,0,,,,,1141000000,서대문구,1141011900,북가좌동,126.90857364691672,37.57252983912924
NODE,POINT(126.94032312721482 37.55984440177235),184921,0.0,,0,,,,,1141000000,서대문구,1141011400,신촌동,126.94032312721482,37.55984440177235
NODE,POINT(126.93011053600351 37.57817944604834),184925,0.0,,0,,,,,1141000000,서대문구,1141011800,홍은동,126.93011053600353,37.57817944604834
NODE,POINT(126.92734089734329 37.57452350149569),184927,0.0,,0,,,,,1141000000,서대문구,1141011700,연희동,126.92734089734329,37.57452350149569
NODE,POINT(126.9291075452636 37.57210693637775),184779,0.0,,0,,,,,1141000000,서대문구,1141011700,연희동,126.9291075452636,37.57210693637775
NODE,POINT(126.92931447612163 37.57219860154283),184780,0.0,,0,,,,,1141000000,서대문구,1141011700,연희동,126.92931447612165,37.57219860154283
NODE,POINT(126.92979836790721 37.57129263349515),184783,0.0,,0,,,,,1141000000,서대문구,1141011700,연희동,126.9297983679072,37.57129263349515
NODE,POINT(126.93163334381245 37.577659900062976),183874,0.0,,0,,,,,1141000000,서대문구,1141011700,연희동,126.93163334381244,37.577659900062976
NODE,POINT(126.93238886527608 37.57724276877085),183901,0.0,,0,,,,,1141000000,서대문구,1141011700,연희동,126.93238886527608,37.57724276877085
NODE,POINT(126.9097510296226 37.577874287579846),183742,0.0,,0,,,,,1141000000,서대문구,1141011900,북가좌동,126.9097510296226,37.577874287579846
NODE,POINT(126.90976830952107 37.57803656754896),183743,0.0,,0,,,,,1141000000,서대문구,1141011900,북가좌동,126.90976830952108,37.57803656754896
NODE,POINT(126.909925842554 37.57782805916433),183744,0.0,,0,,,,,1141000000,서대문구,1141011900,북가좌동,126.909925842554,37.57782805916433
NODE,POINT(126.90972794696307 37.57769345839318),183745,0.0,,0,,,,,1141000000,서대문구,1141011900,북가좌동,126.90972794696307,37.57769345839318
NODE,POINT(126.9096112239566 37.5778741806143),183746,0.0,,0,,,,,1141000000,서대문구,1141011900,북가좌동,126.9096112239566,37.5778741806143
NODE,POINT(126.90876792230296 37.57676084542613),183754,0.0,,0,,,,,1141000000,서대문구,1141011900,북가좌동,126.90876792230296,37.57676084542613
NODE,POINT(126.90851735013818 37.576834830614686),183755,0.0,,0,,,,,1141000000,서대문구,1141011900,북가좌동,126.90851735013818,37.576834830614686
NODE,POINT(126.91122034876052 37.57673026190102),183760,0.0,,0,,,,,1141000000,서대문구,1141011900,북가좌동,126.91122034876052,37.57673026190102
NODE,POINT(126.93520376271806 37.57636153185536),183922,0.0,,0,,,,,1141000000,서대문구,1141011700,연희동,126.93520376271806,37.57636153185536
NODE,POINT(126.9352926278216 37.57657420221958),183923,0.0,,0,,,,,1141000000,서대문구,1141011700,연희동,126.9352926278216,37.57657420221958
NODE,POINT(126.93525653640535 37.575404763422746),183926,0.0,,0,,,,,1141000000,서대문구,1141011700,연희동,126.93525653640536,37.575404763422746
NODE,POINT(126.92998229565377 37.57138428382068),184820,0.0,,0,,,,,1141000000,서대문구,1141011700,연희동,126.92998229565376,37.57138428382068
NODE,POINT(126.93662109210425 37.559856467488025),184842,0.0,,0,,,,,1141000000,서대문구,1141011600,창천동,126.93662109210425,37.559856467488025
NODE,POINT(126.93658625736902 37.56025465332843),184843,0.0,,0,,,,,1141000000,서대문구,1141011400,신촌동,126.93658625736902,37.56025465332843
NODE,POINT(126.94700395211274 37.586415890365785),172655,0.0,,0,,,,,1141000000,서대문구,1141011100,홍제동,126.94700395211274,37.586415890365785
NODE,POINT(126.94672441764489 37.58626277034444),172656,0.0,,0,,,,,1141000000,서대문구,1141011100,홍제동,126.94672441764487,37.58626277034444
NODE,POINT(126.94526080428027 37.58805630498925),172673,2.0,,0,,,,,1141000000,서대문구,1141011100,홍제동,126.94526080428028,37.58805630498925
NODE,POINT(126.94467351099198 37.58855120652645),172685,0.0,,0,,,,,1141000000,서대문구,1141011100,홍제동,126.94467351099198,37.58855120652645
NODE,POINT(126.94818211366827 37.585260546138535),172708,0.0,,0,,,,,1141000000,서대문구,1141011100,홍제동,126.94818211366828,37.585260546138535
NODE,POINT(126.94649423318452 37.59448725721604),170155,0.0,,0,,,,,1141000000,서대문구,1141011800,홍은동,126.94649423318452,37.59448725721604
NODE,POINT(126.94624389892549 37.59419970023462),170156,0.0,,0,,,,,1141000000,서대문구,1141011800,홍은동,126.94624389892547,37.59419970023462
NODE,POINT(126.94605728987267 37.59442215179581),170157,0.0,,0,,,,,1141000000,서대문구,1141011800,홍은동,126.94605728987268,37.59442215179581
NODE,POINT(126.94638363545138 37.59433884923134),170158,0.0,,0,,,,,1141000000,서대문구,1141011800,홍은동,126.94638363545138,37.59433884923134
NODE,POINT(126.94598722741831 37.594621475539824),170161,0.0,,0,,,,,1141000000,서대문구,1141011800,홍은동,126.94598722741831,37.594621475539824
NODE,POINT(126.94585921135051 37.59438960783507),170185,0.0,,0,,,,,1141000000,서대문구,1141011800,홍은동,126.94585921135052,37.59438960783507
NODE,POINT(126.9459428086202 37.59431734922514),170186,0.0,,0,,,,,1141000000,서대문구,1141011800,홍은동,126.9459428086202,37.59431734922514
NODE,POINT(126.94492016113159 37.59176509425124),172455,0.0,,0,,,,,1141000000,서대문구,1141011100,홍제동,126.9449201611316,37.59176509425124
NODE,POINT(126.9471275636135 37.59286024282998),170196,0.0,,0,,,,,1141000000,서대문구,1141011100,홍제동,126.9471275636135,37.59286024282998
NODE,POINT(126.94744197449552 37.59316637128077),170197,0.0,,0,,,,,1141000000,서대문구,1141011100,홍제동,126.94744197449552,37.59316637128077
NODE,POINT(126.94816350670602 37.59452972776037),170207,0.0,,0,,,,,1141000000,서대문구,1141011100,홍제동,126.94816350670602,37.59452972776037
NODE,POINT(126.94724419324353 37.592716573361024),170220,0.0,,0,,,,,1141000000,서대문구,1141011100,홍제동,126.94724419324352,37.592716573361024
NODE,POINT(126.94762846907477 37.59309691144446),170224,0.0,,0,,,,,1141000000,서대문구,1141011100,홍제동,126.94762846907476,37.59309691144446
NODE,POINT(126.94656278232328 37.59768651759015),201487,0.0,,0,,,,,1141000000,서대문구,1141011100,홍제동,126.94656278232328,37.59768651759015
NODE,POINT(126.94010989120052 37.595234957414945),213829,2.0,,0,,,,,1141000000,서대문구,1141011800,홍은동,126.94010989120052,37.59523495741495
NODE,POINT(126.96231219198907 37.559591770634675),213831,2.0,,0,,,,,1141000000,서대문구,1141010200,충정로3가,126.96231219198908,37.55959177063468
NODE,POINT(126.92597641250025 37.56635492492891),213833,2.0,,0,,,,,1141000000,서대문구,1141011700,연희동,126.92597641250023,37.56635492492891
NODE,POINT(126.91355577217269 37.56993775708653),213834,2.0,,0,,,,,1141000000,서대문구,1141012000,남가좌동,126.91355577217269,37.56993775708653
NODE,POINT(126.94039471402218 37.59512754123684),213863,2.0,,0,,,,,1141000000,서대문구,1141011800,홍은동,126.94039471402218,37.59512754123684
NODE,POINT(126.9445966534364 37.588452260309325),213882,2.0,,0,,,,,1141000000,서대문구,1141011100,홍제동,126.9445966534364,37.588452260309325
NODE,POINT(126.92556820047523 37.56633660445057),213888,2.0,,0,,,,,1141000000,서대문구,1141011700,연희동,126.92556820047524,37.56633660445057
NODE,POINT(126.95175907452752 37.58055714151058),213889,2.0,,0,,,,,1141000000,서대문구,1141011100,홍제동,126.95175907452752,37.58055714151058
NODE,POINT(126.9318798843048 37.56204231082682),213890,2.0,,0,,,,,1141000000,서대문구,1141011600,창천동,126.9318798843048,37.56204231082682
NODE,POINT(126.92513117953219 37.566331506652624),213775,2.0,,0,,,,,1141000000,서대문구,1141011700,연희동,126.9251311795322,37.566331506652624
NODE,POINT(126.96349087790001 37.5610585447),213776,2.0,,0,,,,,1141000000,서대문구,1141010200,충정로3가,126.9634908779,37.5610585447
NODE,POINT(126.9406682041476 37.5948027094281),213777,2.0,,0,,,,,1141000000,서대문구,1141011800,홍은동,126.9406682041476,37.5948027094281
NODE,POINT(126.93175893584727 37.562266517018706),213778,2.0,,0,,,,,1141000000,서대문구,1141011700,연희동,126.93175893584728,37.56226651701871
NODE,POINT(126.95654591418143 37.55757221105879),215082,0.0,,0,,,,,1141000000,서대문구,1141011000,북아현동,126.95654591418143,37.55757221105879
NODE,POINT(126.93608976687679 37.56012643602593),215476,2.0,,0,,,,,1141000000,서대문구,1141011600,창천동,126.9360897668768,37.56012643602593
NODE,POINT(126.92668310203713 37.58163225671628),215485,0.0,,0,,,,,1141000000,서대문구,1141011800,홍은동,126.92668310203712,37.58163225671628
NODE,POINT(126.92903672882574 37.56392753731425),215487,0.0,,0,,,,,1141000000,서대문구,1141011700,연희동,126.92903672882574,37.56392753731425
NODE,POINT(126.9355206982385 37.559965929385925),215497,0.0,,0,,,,,1141000000,서대문구,1141011600,창천동,126.9355206982385,37.559965929385925
NODE,POINT(126.93531353636865 37.560171783934805),215522,0.0,,0,,,,,1141000000,서대문구,1141011600,창천동,126.93531353636864,37.560171783934805
NODE,POINT(126.90446589536371 37.57564010053943),215529,2.0,,0,,,,,1141000000,서대문구,1141011900,북가좌동,126.90446589536371,37.57564010053943
NODE,POINT(126.90507904270154 37.57520130553416),215533,2.0,,0,,,,,1141000000,서대문구,1141011900,북가좌동,126.90507904270154,37.57520130553416
NODE,POINT(126.9350895097733 37.55993365367062),215534,2.0,,0,,,,,1141000000,서대문구,1141011600,창천동,126.9350895097733,37.55993365367062
NODE,POINT(126.91475979355661 37.56929517498764),215540,2.0,,0,,,,,1141000000,서대문구,1141012000,남가좌동,126.9147597935566,37.56929517498764
NODE,POINT(126.94541871925185 37.58777072975843),215543,2.0,,0,,,,,1141000000,서대문구,1141011100,홍제동,126.94541871925183,37.58777072975843
NODE,POINT(126.90478767295028 37.57538933787358),215548,2.0,,0,,,,,1141000000,서대문구,1141011900,북가좌동,126.90478767295028,37.57538933787358
NODE,POINT(126.94515165615093 37.58797335463529),215550,2.0,,0,,,,,1141000000,서대문구,1141011100,홍제동,126.94515165615093,37.58797335463529
NODE,POINT(126.91524522374377 37.569073465745554),215554,2.0,,0,,,,,1141000000,서대문구,1141012000,남가좌동,126.91524522374375,37.569073465745554
NODE,POINT(126.93145190460001 37.56252558920001),213791,2.0,,0,,,,,1141000000,서대문구,1141011700,연희동,126.9314519046,37.56252558920001
NODE,POINT(126.94746871221976 37.58569361652886),213803,2.0,,0,,,,,1141000000,서대문구,1141011100,홍제동,126.94746871221976,37.58569361652886
NODE,POINT(126.96362802418915 37.56125594606224),213806,2.0,,0,,,,,1141000000,서대문구,1141010200,충정로3가,126.96362802418916,37.56125594606224
NODE,POINT(126.9442513543574 37.58871298910857),213809,2.0,,0,,,,,1141000000,서대문구,1141011100,홍제동,126.9442513543574,37.58871298910857
NODE,POINT(126.94805859065907 37.585194979746426),213819,2.0,,0,,,,,1141000000,서대문구,1141011100,홍제동,126.94805859065907,37.585194979746426
NODE,POINT(126.96267064584663 37.560020032190295),213892,2.0,,0,,,,,1141000000,서대문구,1141010200,충정로3가,126.96267064584664,37.560020032190295
NODE,POINT(126.94031422449382 37.59507486464133),213758,2.0,,0,,,,,1141000000,서대문구,1141011800,홍은동,126.94031422449382,37.59507486464133
NODE,POINT(126.95191445083736 37.58040845083964),213759,2.0,,0,,,,,1141000000,서대문구,1141011100,홍제동,126.95191445083736,37.58040845083964
NODE,POINT(126.91382041317134 37.56982810123535),213582,2.0,,0,,,,,1141000000,서대문구,1141012000,남가좌동,126.91382041317134,37.56982810123535
